geo_state,geo_county,rucc_code
al,autauga_county,2
al,baldwin_county,3
al,barbour_county,6
al,bibb_county,1
al,blount_county,1
al,bullock_county,6
al,butler_county,6
al,calhoun_county,3
al,chambers_county,6
al,cherokee_county,6
al,chilton_county,1
al,choctaw_county,9
al,clarke_county,7
al,clay_county,9
al,cleburne_county,8
al,coffee_county,4
al,colbert_county,3
al,conecuh_county,7
al,coosa_county,8
al,covington_county,6
al,crenshaw_county,8
al,cullman_county,4
al,dale_county,4
al,dallas_county,4
al,dekalb_county,6
al,elmore_county,2
al,escambia_county,6
al,etowah_county,3
al,fayette_county,6
al,franklin_county,6
al,geneva_county,3
al,greene_county,8
al,hale_county,3
al,henry_county,3
al,houston_county,3
al,jackson_county,6
al,jefferson_county,1
al,lamar_county,8
al,lauderdale_county,3
al,lawrence_county,3
al,lee_county,3
al,limestone_county,2
al,lowndes_county,2
al,macon_county,6
al,madison_county,2
al,marengo_county,7
al,marion_county,7
al,marshall_county,4
al,mobile_county,2
al,monroe_county,7
al,montgomery_county,2
al,morgan_county,3
al,perry_county,8
al,pickens_county,3
al,pike_county,6
al,randolph_county,6
al,russell_county,2
al,st_clair_county,1
al,shelby_county,1
al,sumter_county,8
al,talladega_county,4
al,tallapoosa_county,6
al,tuscaloosa_county,3
al,walker_county,1
al,washington_county,8
al,wilcox_county,9
al,winston_county,6
ak,aleutians_east_borough,9
ak,aleutians_west_census_area,9
ak,anchorage_municipality,2
ak,bethel_census_area,7
ak,bristol_bay_borough,9
ak,denali_borough,8
ak,dillingham_census_area,9
ak,fairbanks_north_star_borough,3
ak,haines_borough,9
ak,hoonah_angoon_census_area_ak,9
ak,juneau_city_and_borough,5
ak,kenai_peninsula_borough,7
ak,ketchikan_gateway_borough,7
ak,kodiak_island_borough,7
ak,lake_and_peninsula_borough,9
ak,matanuska_susitna_borough,2
ak,nome_census_area,7
ak,north_slope_borough,7
ak,northwest_arctic_borough,7
ak,petersburg_census_area,9
ak,price_of_wales_hyder_census_area,9
ak,sitka_city_and_borough,7
ak,skagway_municipality,9
ak,southeast_fairbanks_census_area,9
ak,valdez_cordova_census_area,9
ak,wade_hampton_census_area,9
ak,wrangell_city_and_borough,9
ak,yakutat_city_and_borough,9
ak,yukon_koyukuk_census_area,9
az,apache_county,6
az,cochise_county,3
az,coconino_county,3
az,gila_county,4
az,graham_county,7
az,greenlee_county,7
az,la_paz_county,6
az,maricopa_county,1
az,mohave_county,3
az,navajo_county,4
az,pima_county,2
az,pinal_county,1
az,santa_cruz_county,4
az,yavapai_county,3
az,yuma_county,3
ar,arkansas_county,6
ar,ashley_county,7
ar,baxter_county,7
ar,benton_county,2
ar,boone_county,7
ar,bradley_county,7
ar,calhoun_county,9
ar,carroll_county,6
ar,chicot_county,7
ar,clark_county,7
ar,clay_county,7
ar,cleburne_county,6
ar,cleveland_county,3
ar,columbia_county,7
ar,conway_county,6
ar,craighead_county,3
ar,crawford_county,2
ar,crittenden_county,1
ar,cross_county,6
ar,dallas_county,6
ar,desha_county,6
ar,drew_county,6
ar,faulkner_county,2
ar,franklin_county,6
ar,fulton_county,9
ar,garland_county,3
ar,grant_county,2
ar,greene_county,4
ar,hempstead_county,6
ar,hot_spring_county,6
ar,howard_county,6
ar,independence_county,7
ar,izard_county,9
ar,jackson_county,6
ar,jefferson_county,3
ar,johnson_county,7
ar,lafayette_county,8
ar,lawrence_county,6
ar,lee_county,7
ar,lincoln_county,3
ar,little_river_county,3
ar,logan_county,6
ar,lonoke_county,2
ar,madison_county,2
ar,marion_county,9
ar,miller_county,3
ar,mississippi_county,4
ar,monroe_county,7
ar,montgomery_county,8
ar,nevada_county,7
ar,newton_county,9
ar,ouachita_county,7
ar,perry_county,2
ar,phillips_county,6
ar,pike_county,9
ar,poinsett_county,3
ar,polk_county,7
ar,pope_county,5
ar,prairie_county,8
ar,pulaski_county,2
ar,randolph_county,7
ar,st_francis_county,6
ar,saline_county,2
ar,scott_county,6
ar,searcy_county,9
ar,sebastian_county,2
ar,sevier_county,6
ar,sharp_county,7
ar,stone_county,9
ar,union_county,7
ar,van_buren_county,8
ar,washington_county,2
ar,white_county,4
ar,woodruff_county,9
ar,yell_county,6
ca,alameda_county,1
ca,alpine_county,8
ca,amador_county,6
ca,butte_county,3
ca,calaveras_county,6
ca,colusa_county,6
ca,contra_costa_county,1
ca,del_norte_county,7
ca,el_dorado_county,1
ca,fresno_county,2
ca,glenn_county,6
ca,humboldt_county,5
ca,imperial_county,3
ca,inyo_county,7
ca,kern_county,2
ca,kings_county,3
ca,lake_county,4
ca,lassen_county,7
ca,los_angeles_county,1
ca,madera_county,3
ca,marin_county,1
ca,mariposa_county,8
ca,mendocino_county,4
ca,merced_county,2
ca,modoc_county,6
ca,mono_county,7
ca,monterey_county,2
ca,napa_county,3
ca,nevada_county,4
ca,orange_county,1
ca,placer_county,1
ca,plumas_county,7
ca,riverside_county,1
ca,sacramento_county,1
ca,san_benito_county,1
ca,san_bernardino_county,1
ca,san_diego_county,1
ca,san_francisco_county,1
ca,san_joaquin_county,2
ca,san_luis_obispo_county,2
ca,san_mateo_county,1
ca,santa_barbara_county,2
ca,santa_clara_county,1
ca,santa_cruz_county,2
ca,shasta_county,3
ca,sierra_county,8
ca,siskiyou_county,6
ca,solano_county,2
ca,sonoma_county,2
ca,stanislaus_county,2
ca,sutter_county,3
ca,tehama_county,4
ca,trinity_county,8
ca,tulare_county,2
ca,tuolumne_county,4
ca,ventura_county,2
ca,yolo_county,1
ca,yuba_county,3
co,adams_county,1
co,alamosa_county,7
co,arapahoe_county,1
co,archuleta_county,7
co,baca_county,9
co,bent_county,7
co,boulder_county,2
co,broomfield_county,1
co,chaffee_county,7
co,cheyenne_county,9
co,clear_creek_county,1
co,conejos_county,9
co,costilla_county,9
co,crowley_county,8
co,custer_county,8
co,delta_county,6
co,denver_county,1
co,dolores_county,9
co,douglas_county,1
co,eagle_county,5
co,elbert_county,1
co,el_paso_county,2
co,fremont_county,4
co,garfield_county,5
co,gilpin_county,1
co,grand_county,7
co,gunnison_county,7
co,hinsdale_county,9
co,huerfano_county,6
co,jackson_county,9
co,jefferson_county,1
co,kiowa_county,9
co,kit_carson_county,7
co,lake_county,6
co,la_plata_county,4
co,larimer_county,2
co,las_animas_county,7
co,lincoln_county,8
co,logan_county,7
co,mesa_county,3
co,mineral_county,9
co,moffat_county,7
co,montezuma_county,6
co,montrose_county,4
co,morgan_county,6
co,otero_county,6
co,ouray_county,9
co,park_county,1
co,phillips_county,9
co,pitkin_county,7
co,prowers_county,7
co,pueblo_county,3
co,rio_blanco_county,9
co,rio_grande_county,7
co,routt_county,7
co,saguache_county,9
co,san_juan_county,9
co,san_miguel_county,9
co,sedgwick_county,9
co,summit_county,5
co,teller_county,2
co,washington_county,9
co,weld_county,2
co,yuma_county,7
ct,fairfield_county,2
ct,hartford_county,1
ct,litchfield_county,4
ct,middlesex_county,1
ct,new_haven_county,2
ct,new_london_county,2
ct,tolland_county,1
ct,windham_county,2
de,kent_county,3
de,new_castle_county,1
de,sussex_county,2
dc,district_of_columbia,1
fl,alachua_county,2
fl,baker_county,1
fl,bay_county,3
fl,bradford_county,6
fl,brevard_county,2
fl,broward_county,1
fl,calhoun_county,6
fl,charlotte_county,3
fl,citrus_county,3
fl,clay_county,1
fl,collier_county,2
fl,columbia_county,4
fl,desoto_county,6
fl,dixie_county,6
fl,duval_county,1
fl,escambia_county,2
fl,flagler_county,2
fl,franklin_county,6
fl,gadsden_county,2
fl,gilchrist_county,2
fl,glades_county,6
fl,gulf_county,3
fl,hamilton_county,6
fl,hardee_county,6
fl,hendry_county,4
fl,hernando_county,1
fl,highlands_county,3
fl,hillsborough_county,1
fl,holmes_county,6
fl,indian_river_county,3
fl,jackson_county,6
fl,jefferson_county,2
fl,lafayette_county,9
fl,lake_county,1
fl,lee_county,2
fl,leon_county,2
fl,levy_county,6
fl,liberty_county,8
fl,madison_county,6
fl,manatee_county,2
fl,marion_county,2
fl,martin_county,2
fl,miami_dade_county,1
fl,monroe_county,4
fl,nassau_county,1
fl,okaloosa_county,3
fl,okeechobee_county,4
fl,orange_county,1
fl,osceola_county,1
fl,palm_beach_county,1
fl,pasco_county,1
fl,pinellas_county,1
fl,polk_county,2
fl,putnam_county,4
fl,st_johns_county,1
fl,st_lucie_county,2
fl,santa_rosa_county,2
fl,sarasota_county,2
fl,seminole_county,1
fl,sumter_county,3
fl,suwannee_county,6
fl,taylor_county,6
fl,union_county,6
fl,volusia_county,2
fl,wakulla_county,2
fl,walton_county,3
fl,washington_county,6
ga,appling_county,7
ga,atkinson_county,9
ga,bacon_county,7
ga,baker_county,3
ga,baldwin_county,4
ga,banks_county,8
ga,barrow_county,1
ga,bartow_county,1
ga,ben_hill_county,7
ga,berrien_county,6
ga,bibb_county,3
ga,bleckley_county,6
ga,brantley_county,3
ga,brooks_county,3
ga,bryan_county,2
ga,bulloch_county,4
ga,burke_county,2
ga,butts_county,1
ga,calhoun_county,8
ga,camden_county,4
ga,candler_county,7
ga,carroll_county,1
ga,catoosa_county,2
ga,charlton_county,6
ga,chatham_county,2
ga,chattahoochee_county,2
ga,chattooga_county,6
ga,cherokee_county,1
ga,clarke_county,3
ga,clay_county,9
ga,clayton_county,1
ga,clinch_county,6
ga,cobb_county,1
ga,coffee_county,7
ga,colquitt_county,6
ga,columbia_county,2
ga,cook_county,6
ga,coweta_county,1
ga,crawford_county,3
ga,crisp_county,6
ga,dade_county,2
ga,dawson_county,1
ga,decatur_county,6
ga,dekalb_county,1
ga,dodge_county,6
ga,dooly_county,6
ga,dougherty_county,3
ga,douglas_county,1
ga,early_county,6
ga,echols_county,3
ga,effingham_county,2
ga,elbert_county,6
ga,emanuel_county,7
ga,evans_county,6
ga,fannin_county,8
ga,fayette_county,1
ga,floyd_county,3
ga,forsyth_county,1
ga,franklin_county,8
ga,fulton_county,1
ga,gilmer_county,6
ga,glascock_county,9
ga,glynn_county,3
ga,gordon_county,4
ga,grady_county,6
ga,greene_county,6
ga,gwinnett_county,1
ga,habersham_county,6
ga,hall_county,3
ga,hancock_county,7
ga,haralson_county,1
ga,harris_county,2
ga,hart_county,6
ga,heard_county,1
ga,henry_county,1
ga,houston_county,3
ga,irwin_county,7
ga,jackson_county,4
ga,jasper_county,1
ga,jeff_davis_county,7
ga,jefferson_county,6
ga,jenkins_county,6
ga,johnson_county,7
ga,jones_county,3
ga,lamar_county,1
ga,lanier_county,3
ga,laurens_county,5
ga,lee_county,3
ga,liberty_county,3
ga,lincoln_county,2
ga,long_county,3
ga,lowndes_county,3
ga,lumpkin_county,6
ga,mcduffie_county,2
ga,mcintosh_county,3
ga,macon_county,6
ga,madison_county,3
ga,marion_county,2
ga,meriwether_county,1
ga,miller_county,8
ga,mitchell_county,6
ga,monroe_county,3
ga,montgomery_county,9
ga,morgan_county,1
ga,murray_county,3
ga,muscogee_county,2
ga,newton_county,1
ga,oconee_county,3
ga,oglethorpe_county,3
ga,paulding_county,1
ga,peach_county,3
ga,pickens_county,1
ga,pierce_county,6
ga,pike_county,1
ga,polk_county,4
ga,pulaski_county,3
ga,putnam_county,6
ga,quitman_county,9
ga,rabun_county,7
ga,randolph_county,6
ga,richmond_county,2
ga,rockdale_county,1
ga,schley_county,8
ga,screven_county,6
ga,seminole_county,6
ga,spalding_county,1
ga,stephens_county,7
ga,stewart_county,8
ga,sumter_county,6
ga,talbot_county,8
ga,taliaferro_county,8
ga,tattnall_county,6
ga,taylor_county,8
ga,telfair_county,7
ga,terrell_county,3
ga,thomas_county,4
ga,tift_county,5
ga,toombs_county,7
ga,towns_county,9
ga,treutlen_county,7
ga,troup_county,4
ga,turner_county,6
ga,twiggs_county,3
ga,union_county,9
ga,upson_county,6
ga,walker_county,2
ga,walton_county,1
ga,ware_county,5
ga,warren_county,8
ga,washington_county,7
ga,wayne_county,6
ga,webster_county,8
ga,wheeler_county,9
ga,white_county,6
ga,whitfield_county,3
ga,wilcox_county,8
ga,wilkes_county,6
ga,wilkinson_county,8
ga,worth_county,3
hi,hawaii_county,5
hi,honolulu_county,2
hi,kalawao_county,3
hi,kauai_county,5
hi,maui_county,3
id,ada_county,2
id,adams_county,9
id,bannock_county,3
id,bear_lake_county,9
id,benewah_county,6
id,bingham_county,4
id,blaine_county,7
id,boise_county,2
id,bonner_county,6
id,bonneville_county,3
id,boundary_county,7
id,butte_county,3
id,camas_county,9
id,canyon_county,2
id,caribou_county,6
id,cassia_county,7
id,clark_county,9
id,clearwater_county,6
id,custer_county,8
id,elmore_county,6
id,franklin_county,3
id,fremont_county,6
id,gem_county,2
id,gooding_county,7
id,idaho_county,6
id,jefferson_county,3
id,jerome_county,7
id,kootenai_county,3
id,latah_county,4
id,lemhi_county,7
id,lewis_county,8
id,lincoln_county,9
id,madison_county,4
id,minidoka_county,7
id,nez_perce_county,3
id,oneida_county,8
id,owyhee_county,2
id,payette_county,6
id,power_county,6
id,shoshone_county,6
id,teton_county,9
id,twin_falls_county,5
id,valley_county,8
id,washington_county,6
il,adams_county,5
il,alexander_county,3
il,bond_county,1
il,boone_county,2
il,brown_county,7
il,bureau_county,7
il,calhoun_county,1
il,carroll_county,7
il,cass_county,6
il,champaign_county,3
il,christian_county,6
il,clark_county,6
il,clay_county,7
il,clinton_county,1
il,coles_county,5
il,cook_county,1
il,crawford_county,7
il,cumberland_county,9
il,dekalb_county,1
il,de_witt_county,3
il,douglas_county,6
il,dupage_county,1
il,edgar_county,6
il,edwards_county,9
il,effingham_county,7
il,fayette_county,6
il,ford_county,3
il,franklin_county,4
il,fulton_county,6
il,gallatin_county,8
il,greene_county,6
il,grundy_county,1
il,hamilton_county,7
il,hancock_county,7
il,hardin_county,9
il,henderson_county,9
il,henry_county,2
il,iroquois_county,6
il,jackson_county,3
il,jasper_county,7
il,jefferson_county,7
il,jersey_county,1
il,jo_daviess_county,6
il,johnson_county,8
il,kane_county,1
il,kankakee_county,3
il,kendall_county,1
il,knox_county,4
il,lake_county,1
il,la_salle_county,4
il,lawrence_county,7
il,lee_county,6
il,livingston_county,4
il,logan_county,6
il,mcdonough_county,5
il,mchenry_county,1
il,mclean_county,3
il,macon_county,3
il,macoupin_county,1
il,madison_county,1
il,marion_county,4
il,marshall_county,2
il,mason_county,6
il,massac_county,7
il,menard_county,3
il,mercer_county,2
il,monroe_county,1
il,montgomery_county,6
il,morgan_county,4
il,moultrie_county,6
il,ogle_county,4
il,peoria_county,2
il,perry_county,6
il,piatt_county,3
il,pike_county,7
il,pope_county,8
il,pulaski_county,8
il,putnam_county,8
il,randolph_county,6
il,richland_county,7
il,rock_island_county,2
il,st_clair_county,1
il,saline_county,6
il,sangamon_county,3
il,schuyler_county,7
il,scott_county,9
il,shelby_county,6
il,stark_county,2
il,stephenson_county,4
il,tazewell_county,2
il,union_county,6
il,vermilion_county,3
il,wabash_county,7
il,warren_county,6
il,washington_county,6
il,wayne_county,7
il,white_county,6
il,whiteside_county,4
il,will_county,1
il,williamson_county,3
il,winnebago_county,2
il,woodford_county,2
in,adams_county,6
in,allen_county,2
in,bartholomew_county,3
in,benton_county,3
in,blackford_county,6
in,boone_county,1
in,brown_county,1
in,carroll_county,3
in,cass_county,4
in,clark_county,1
in,clay_county,3
in,clinton_county,6
in,crawford_county,8
in,daviess_county,7
in,dearborn_county,1
in,decatur_county,6
in,dekalb_county,4
in,delaware_county,3
in,dubois_county,5
in,elkhart_county,3
in,fayette_county,6
in,floyd_county,1
in,fountain_county,6
in,franklin_county,6
in,fulton_county,7
in,gibson_county,6
in,grant_county,4
in,greene_county,6
in,hamilton_county,1
in,hancock_county,1
in,harrison_county,1
in,hendricks_county,1
in,henry_county,4
in,howard_county,3
in,huntington_county,6
in,jackson_county,4
in,jasper_county,1
in,jay_county,6
in,jefferson_county,6
in,jennings_county,6
in,johnson_county,1
in,knox_county,5
in,kosciusko_county,4
in,lagrange_county,6
in,lake_county,1
in,laporte_county,3
in,lawrence_county,6
in,madison_county,1
in,marion_county,1
in,marshall_county,6
in,martin_county,7
in,miami_county,6
in,monroe_county,3
in,montgomery_county,6
in,morgan_county,1
in,newton_county,1
in,noble_county,6
in,ohio_county,1
in,orange_county,6
in,owen_county,3
in,parke_county,6
in,perry_county,6
in,pike_county,8
in,porter_county,1
in,posey_county,2
in,pulaski_county,6
in,putnam_county,1
in,randolph_county,6
in,ripley_county,6
in,rush_county,6
in,st_joseph_county,2
in,scott_county,1
in,shelby_county,1
in,spencer_county,8
in,starke_county,6
in,steuben_county,7
in,sullivan_county,3
in,switzerland_county,8
in,tippecanoe_county,3
in,tipton_county,6
in,union_county,1
in,vanderburgh_county,2
in,vermillion_county,3
in,vigo_county,3
in,wabash_county,6
in,warren_county,8
in,warrick_county,2
in,washington_county,1
in,wayne_county,5
in,wells_county,2
in,white_county,6
in,whitley_county,2
ia,adair_county,8
ia,adams_county,9
ia,allamakee_county,6
ia,appanoose_county,7
ia,audubon_county,8
ia,benton_county,2
ia,black_hawk_county,3
ia,boone_county,6
ia,bremer_county,3
ia,buchanan_county,6
ia,buena_vista_county,7
ia,butler_county,8
ia,calhoun_county,9
ia,carroll_county,7
ia,cass_county,6
ia,cedar_county,6
ia,cerro_gordo_county,5
ia,cherokee_county,6
ia,chickasaw_county,6
ia,clarke_county,6
ia,clay_county,7
ia,clayton_county,8
ia,clinton_county,4
ia,crawford_county,7
ia,dallas_county,2
ia,davis_county,9
ia,decatur_county,9
ia,delaware_county,6
ia,des_moines_county,5
ia,dickinson_county,7
ia,dubuque_county,3
ia,emmet_county,7
ia,fayette_county,6
ia,floyd_county,7
ia,franklin_county,7
ia,fremont_county,8
ia,greene_county,6
ia,grundy_county,3
ia,guthrie_county,2
ia,hamilton_county,6
ia,hancock_county,7
ia,hardin_county,6
ia,harrison_county,2
ia,henry_county,6
ia,howard_county,6
ia,humboldt_county,7
ia,ida_county,8
ia,iowa_county,6
ia,jackson_county,6
ia,jasper_county,6
ia,jefferson_county,7
ia,johnson_county,3
ia,jones_county,2
ia,keokuk_county,8
ia,kossuth_county,7
ia,lee_county,5
ia,linn_county,2
ia,louisa_county,8
ia,lucas_county,6
ia,lyon_county,8
ia,madison_county,2
ia,mahaska_county,7
ia,marion_county,6
ia,marshall_county,4
ia,mills_county,2
ia,mitchell_county,7
ia,monona_county,6
ia,monroe_county,7
ia,montgomery_county,6
ia,muscatine_county,4
ia,o_brien_county,7
ia,osceola_county,7
ia,page_county,6
ia,palo_alto_county,7
ia,plymouth_county,3
ia,pocahontas_county,9
ia,polk_county,2
ia,pottawattamie_county,2
ia,poweshiek_county,7
ia,ringgold_county,9
ia,sac_county,9
ia,scott_county,2
ia,shelby_county,6
ia,sioux_county,7
ia,story_county,3
ia,tama_county,6
ia,taylor_county,9
ia,union_county,6
ia,van_buren_county,9
ia,wapello_county,5
ia,warren_county,2
ia,washington_county,3
ia,wayne_county,9
ia,webster_county,5
ia,winnebago_county,7
ia,winneshiek_county,7
ia,woodbury_county,3
ia,worth_county,9
ia,wright_county,7
ks,allen_county,7
ks,anderson_county,6
ks,atchison_county,6
ks,barber_county,9
ks,barton_county,7
ks,bourbon_county,6
ks,brown_county,6
ks,butler_county,2
ks,chase_county,9
ks,chautauqua_county,8
ks,cherokee_county,6
ks,cheyenne_county,9
ks,clark_county,9
ks,clay_county,6
ks,cloud_county,7
ks,coffey_county,6
ks,comanche_county,9
ks,cowley_county,4
ks,crawford_county,4
ks,decatur_county,9
ks,dickinson_county,7
ks,doniphan_county,3
ks,douglas_county,3
ks,edwards_county,9
ks,elk_county,8
ks,ellis_county,5
ks,ellsworth_county,7
ks,finney_county,5
ks,ford_county,5
ks,franklin_county,6
ks,geary_county,4
ks,gove_county,9
ks,graham_county,9
ks,grant_county,7
ks,gray_county,9
ks,greeley_county,9
ks,greenwood_county,6
ks,hamilton_county,9
ks,harper_county,8
ks,harvey_county,2
ks,haskell_county,9
ks,hodgeman_county,9
ks,jackson_county,3
ks,jefferson_county,3
ks,jewell_county,9
ks,johnson_county,1
ks,kearny_county,9
ks,kingman_county,2
ks,kiowa_county,9
ks,labette_county,7
ks,lane_county,9
ks,leavenworth_county,1
ks,lincoln_county,9
ks,linn_county,1
ks,logan_county,9
ks,lyon_county,4
ks,mcpherson_county,7
ks,marion_county,6
ks,marshall_county,6
ks,meade_county,9
ks,miami_county,1
ks,mitchell_county,7
ks,montgomery_county,5
ks,morris_county,8
ks,morton_county,9
ks,nemaha_county,6
ks,neosho_county,7
ks,ness_county,9
ks,norton_county,7
ks,osage_county,3
ks,osborne_county,9
ks,ottawa_county,9
ks,pawnee_county,7
ks,phillips_county,7
ks,pottawatomie_county,3
ks,pratt_county,7
ks,rawlins_county,9
ks,reno_county,4
ks,republic_county,9
ks,rice_county,7
ks,riley_county,3
ks,rooks_county,9
ks,rush_county,9
ks,russell_county,7
ks,saline_county,5
ks,scott_county,7
ks,sedgwick_county,2
ks,seward_county,5
ks,shawnee_county,3
ks,sheridan_county,9
ks,sherman_county,7
ks,smith_county,9
ks,stafford_county,9
ks,stanton_county,9
ks,stevens_county,7
ks,sumner_county,2
ks,thomas_county,7
ks,trego_county,9
ks,wabaunsee_county,3
ks,wallace_county,9
ks,washington_county,9
ks,wichita_county,9
ks,wilson_county,7
ks,woodson_county,9
ks,wyandotte_county,1
ky,adair_county,7
ky,allen_county,3
ky,anderson_county,6
ky,ballard_county,9
ky,barren_county,6
ky,bath_county,8
ky,bell_county,7
ky,boone_county,1
ky,bourbon_county,2
ky,boyd_county,2
ky,boyle_county,7
ky,bracken_county,1
ky,breathitt_county,7
ky,breckinridge_county,8
ky,bullitt_county,1
ky,butler_county,3
ky,caldwell_county,7
ky,calloway_county,7
ky,campbell_county,1
ky,carlisle_county,9
ky,carroll_county,6
ky,carter_county,6
ky,casey_county,9
ky,christian_county,2
ky,clark_county,2
ky,clay_county,7
ky,clinton_county,9
ky,crittenden_county,7
ky,cumberland_county,9
ky,daviess_county,3
ky,edmonson_county,3
ky,elliott_county,9
ky,estill_county,6
ky,fayette_county,2
ky,fleming_county,7
ky,floyd_county,7
ky,franklin_county,4
ky,fulton_county,9
ky,gallatin_county,1
ky,garrard_county,6
ky,grant_county,1
ky,graves_county,7
ky,grayson_county,6
ky,green_county,8
ky,greenup_county,2
ky,hancock_county,3
ky,hardin_county,3
ky,harlan_county,7
ky,harrison_county,6
ky,hart_county,8
ky,henderson_county,2
ky,henry_county,1
ky,hickman_county,9
ky,hopkins_county,5
ky,jackson_county,9
ky,jefferson_county,1
ky,jessamine_county,2
ky,johnson_county,7
ky,kenton_county,1
ky,knott_county,9
ky,knox_county,7
ky,larue_county,3
ky,laurel_county,5
ky,lawrence_county,6
ky,lee_county,9
ky,leslie_county,9
ky,letcher_county,9
ky,lewis_county,8
ky,lincoln_county,7
ky,livingston_county,9
ky,logan_county,6
ky,lyon_county,9
ky,mccracken_county,5
ky,mccreary_county,9
ky,mclean_county,3
ky,madison_county,4
ky,magoffin_county,9
ky,marion_county,7
ky,marshall_county,7
ky,martin_county,9
ky,mason_county,6
ky,meade_county,3
ky,menifee_county,9
ky,mercer_county,6
ky,metcalfe_county,9
ky,monroe_county,8
ky,montgomery_county,6
ky,morgan_county,9
ky,muhlenberg_county,6
ky,nelson_county,6
ky,nicholas_county,8
ky,ohio_county,6
ky,oldham_county,1
ky,owen_county,8
ky,owsley_county,9
ky,pendleton_county,1
ky,perry_county,7
ky,pike_county,7
ky,powell_county,6
ky,pulaski_county,5
ky,robertson_county,8
ky,rockcastle_county,7
ky,rowan_county,7
ky,russell_county,9
ky,scott_county,2
ky,shelby_county,1
ky,simpson_county,6
ky,spencer_county,1
ky,taylor_county,7
ky,todd_county,8
ky,trigg_county,2
ky,trimble_county,1
ky,union_county,6
ky,warren_county,3
ky,washington_county,9
ky,wayne_county,7
ky,webster_county,8
ky,whitley_county,7
ky,wolfe_county,9
ky,woodford_county,2
la,acadia_parish,2
la,allen_parish,6
la,ascension_parish,2
la,assumption_parish,6
la,avoyelles_parish,6
la,beauregard_parish,6
la,bienville_parish,6
la,bossier_parish,2
la,caddo_parish,2
la,calcasieu_parish,3
la,caldwell_parish,8
la,cameron_parish,3
la,catahoula_parish,9
la,claiborne_parish,6
la,concordia_parish,7
la,de_soto_parish,2
la,east_baton_rouge_parish,2
la,east_carroll_parish,7
la,east_feliciana_parish,2
la,evangeline_parish,6
la,franklin_parish,7
la,grant_parish,3
la,iberia_parish,2
la,iberville_parish,2
la,jackson_parish,6
la,jefferson_parish,1
la,jefferson_davis_parish,6
la,lafayette_parish,2
la,lafourche_parish,3
la,la_salle_parish,6
la,lincoln_parish,4
la,livingston_parish,2
la,madison_parish,7
la,morehouse_parish,6
la,natchitoches_parish,6
la,orleans_parish,1
la,ouachita_parish,3
la,plaquemines_parish,1
la,pointe_coupee_parish,2
la,rapides_parish,3
la,red_river_parish,8
la,richland_parish,6
la,sabine_parish,6
la,st_bernard_parish,1
la,st_charles_parish,1
la,st_helena_parish,2
la,st_james_parish,1
la,st_john_the_baptist_parish,1
la,st_landry_parish,4
la,st_martin_parish,2
la,st_mary_parish,4
la,st_tammany_parish,1
la,tangipahoa_parish,3
la,tensas_parish,9
la,terrebonne_parish,3
la,union_parish,3
la,vermilion_parish,2
la,vernon_parish,5
la,washington_parish,6
la,webster_parish,2
la,west_baton_rouge_parish,2
la,west_carroll_parish,9
la,west_feliciana_parish,2
la,winn_parish,6
me,androscoggin_county,3
me,aroostook_county,7
me,cumberland_county,2
me,franklin_county,6
me,hancock_county,6
me,kennebec_county,4
me,knox_county,7
me,lincoln_county,8
me,oxford_county,6
me,penobscot_county,3
me,piscataquis_county,8
me,sagadahoc_county,2
me,somerset_county,6
me,waldo_county,6
me,washington_county,7
me,york_county,2
md,allegany_county,3
md,anne_arundel_county,1
md,baltimore_county,1
md,calvert_county,1
md,caroline_county,6
md,carroll_county,1
md,cecil_county,1
md,charles_county,1
md,dorchester_county,6
md,frederick_county,1
md,garrett_county,6
md,harford_county,1
md,howard_county,1
md,kent_county,6
md,montgomery_county,1
md,prince_george_s_county,1
md,queen_anne_s_county,1
md,st_mary_s_county,3
md,somerset_county,2
md,talbot_county,6
md,washington_county,2
md,wicomico_county,2
md,worcester_county,2
md,baltimore_city,1
ma,barnstable_county,3
ma,berkshire_county,3
ma,bristol_county,1
ma,dukes_county,7
ma,essex_county,1
ma,franklin_county,4
ma,hampden_county,2
ma,hampshire_county,2
ma,middlesex_county,1
ma,nantucket_county,7
ma,norfolk_county,1
ma,plymouth_county,1
ma,suffolk_county,1
ma,worcester_county,2
mi,alcona_county,9
mi,alger_county,7
mi,allegan_county,4
mi,alpena_county,7
mi,antrim_county,9
mi,arenac_county,8
mi,baraga_county,9
mi,barry_county,2
mi,bay_county,3
mi,benzie_county,9
mi,berrien_county,3
mi,branch_county,6
mi,calhoun_county,3
mi,cass_county,2
mi,charlevoix_county,7
mi,cheboygan_county,7
mi,chippewa_county,7
mi,clare_county,6
mi,clinton_county,2
mi,crawford_county,7
mi,delta_county,5
mi,dickinson_county,7
mi,eaton_county,2
mi,emmet_county,7
mi,genesee_county,2
mi,gladwin_county,6
mi,gogebic_county,7
mi,grand_traverse_county,5
mi,gratiot_county,6
mi,hillsdale_county,6
mi,houghton_county,5
mi,huron_county,7
mi,ingham_county,2
mi,ionia_county,4
mi,iosco_county,7
mi,iron_county,7
mi,isabella_county,4
mi,jackson_county,3
mi,kalamazoo_county,2
mi,kalkaska_county,7
mi,kent_county,2
mi,keweenaw_county,9
mi,lake_county,9
mi,lapeer_county,1
mi,leelanau_county,9
mi,lenawee_county,4
mi,livingston_county,1
mi,luce_county,7
mi,mackinac_county,7
mi,macomb_county,1
mi,manistee_county,7
mi,marquette_county,5
mi,mason_county,7
mi,mecosta_county,6
mi,menominee_county,7
mi,midland_county,3
mi,missaukee_county,9
mi,monroe_county,3
mi,montcalm_county,2
mi,montmorency_county,9
mi,muskegon_county,3
mi,newaygo_county,6
mi,oakland_county,1
mi,oceana_county,6
mi,ogemaw_county,9
mi,ontonagon_county,9
mi,osceola_county,9
mi,oscoda_county,9
mi,otsego_county,7
mi,ottawa_county,2
mi,presque_isle_county,7
mi,roscommon_county,7
mi,saginaw_county,3
mi,st_clair_county,1
mi,st_joseph_county,4
mi,sanilac_county,6
mi,schoolcraft_county,7
mi,shiawassee_county,4
mi,tuscola_county,6
mi,van_buren_county,2
mi,washtenaw_county,2
mi,wayne_county,1
mi,wexford_county,7
mn,aitkin_county,8
mn,anoka_county,1
mn,becker_county,6
mn,beltrami_county,7
mn,benton_county,3
mn,big_stone_county,9
mn,blue_earth_county,3
mn,brown_county,6
mn,carlton_county,2
mn,carver_county,1
mn,cass_county,9
mn,chippewa_county,7
mn,chisago_county,1
mn,clay_county,3
mn,clearwater_county,8
mn,cook_county,9
mn,cottonwood_county,7
mn,crow_wing_county,4
mn,dakota_county,1
mn,dodge_county,3
mn,douglas_county,6
mn,faribault_county,6
mn,fillmore_county,3
mn,freeborn_county,7
mn,goodhue_county,4
mn,grant_county,9
mn,hennepin_county,1
mn,houston_county,3
mn,hubbard_county,7
mn,isanti_county,1
mn,itasca_county,6
mn,jackson_county,7
mn,kanabec_county,6
mn,kandiyohi_county,4
mn,kittson_county,9
mn,koochiching_county,6
mn,lac_qui_parle_county,9
mn,lake_county,6
mn,lake_of_the_woods_county,9
mn,le_sueur_county,1
mn,lincoln_county,9
mn,lyon_county,7
mn,mcleod_county,6
mn,mahnomen_county,8
mn,marshall_county,8
mn,martin_county,7
mn,meeker_county,6
mn,mille_lacs_county,1
mn,morrison_county,6
mn,mower_county,4
mn,murray_county,9
mn,nicollet_county,3
mn,nobles_county,7
mn,norman_county,8
mn,olmsted_county,3
mn,otter_tail_county,6
mn,pennington_county,6
mn,pine_county,6
mn,pipestone_county,6
mn,polk_county,3
mn,pope_county,8
mn,ramsey_county,1
mn,red_lake_county,8
mn,redwood_county,7
mn,renville_county,8
mn,rice_county,4
mn,rock_county,6
mn,roseau_county,7
mn,st_louis_county,2
mn,scott_county,1
mn,sherburne_county,1
mn,sibley_county,1
mn,stearns_county,3
mn,steele_county,5
mn,stevens_county,7
mn,swift_county,7
mn,todd_county,6
mn,traverse_county,9
mn,wabasha_county,3
mn,wadena_county,7
mn,waseca_county,6
mn,washington_county,1
mn,watonwan_county,6
mn,wilkin_county,6
mn,winona_county,4
mn,wright_county,1
mn,yellow_medicine_county,9
ms,adams_county,5
ms,alcorn_county,7
ms,amite_county,8
ms,attala_county,6
ms,benton_county,1
ms,bolivar_county,7
ms,calhoun_county,9
ms,carroll_county,9
ms,chickasaw_county,7
ms,choctaw_county,9
ms,claiborne_county,8
ms,clarke_county,9
ms,clay_county,7
ms,coahoma_county,7
ms,copiah_county,2
ms,covington_county,8
ms,desoto_county,1
ms,forrest_county,3
ms,franklin_county,9
ms,george_county,6
ms,greene_county,8
ms,grenada_county,7
ms,hancock_county,2
ms,harrison_county,2
ms,hinds_county,2
ms,holmes_county,6
ms,humphreys_county,6
ms,issaquena_county,8
ms,itawamba_county,7
ms,jackson_county,2
ms,jasper_county,9
ms,jefferson_county,8
ms,jefferson_davis_county,8
ms,jones_county,4
ms,kemper_county,9
ms,lafayette_county,4
ms,lamar_county,3
ms,lauderdale_county,5
ms,lawrence_county,8
ms,leake_county,6
ms,lee_county,5
ms,leflore_county,5
ms,lincoln_county,6
ms,lowndes_county,5
ms,madison_county,2
ms,marion_county,6
ms,marshall_county,1
ms,monroe_county,7
ms,montgomery_county,7
ms,neshoba_county,7
ms,newton_county,7
ms,noxubee_county,7
ms,oktibbeha_county,5
ms,panola_county,6
ms,pearl_river_county,6
ms,perry_county,3
ms,pike_county,6
ms,pontotoc_county,7
ms,prentiss_county,7
ms,quitman_county,6
ms,rankin_county,2
ms,scott_county,6
ms,sharkey_county,8
ms,simpson_county,2
ms,smith_county,8
ms,stone_county,6
ms,sunflower_county,7
ms,tallahatchie_county,7
ms,tate_county,1
ms,tippah_county,6
ms,tishomingo_county,8
ms,tunica_county,1
ms,union_county,6
ms,walthall_county,9
ms,warren_county,4
ms,washington_county,5
ms,wayne_county,7
ms,webster_county,9
ms,wilkinson_county,8
ms,winston_county,7
ms,yalobusha_county,7
ms,yazoo_county,2
mo,adair_county,7
mo,andrew_county,3
mo,atchison_county,9
mo,audrain_county,6
mo,barry_county,6
mo,barton_county,6
mo,bates_county,1
mo,benton_county,7
mo,bollinger_county,3
mo,boone_county,3
mo,buchanan_county,3
mo,butler_county,5
mo,caldwell_county,1
mo,callaway_county,3
mo,camden_county,7
mo,cape_girardeau_county,3
mo,carroll_county,6
mo,carter_county,9
mo,cass_county,1
mo,cedar_county,6
mo,chariton_county,9
mo,christian_county,2
mo,clark_county,9
mo,clay_county,1
mo,clinton_county,1
mo,cole_county,3
mo,cooper_county,6
mo,crawford_county,6
mo,dade_county,8
mo,dallas_county,2
mo,daviess_county,8
mo,dekalb_county,3
mo,dent_county,7
mo,douglas_county,6
mo,dunklin_county,7
mo,franklin_county,1
mo,gasconade_county,6
mo,gentry_county,8
mo,greene_county,2
mo,grundy_county,7
mo,harrison_county,7
mo,henry_county,6
mo,hickory_county,8
mo,holt_county,8
mo,howard_county,6
mo,howell_county,7
mo,iron_county,7
mo,jackson_county,1
mo,jasper_county,3
mo,jefferson_county,1
mo,johnson_county,4
mo,knox_county,9
mo,laclede_county,6
mo,lafayette_county,1
mo,lawrence_county,6
mo,lewis_county,9
mo,lincoln_county,1
mo,linn_county,7
mo,livingston_county,6
mo,mcdonald_county,2
mo,macon_county,7
mo,madison_county,6
mo,maries_county,8
mo,marion_county,5
mo,mercer_county,9
mo,miller_county,6
mo,mississippi_county,6
mo,moniteau_county,3
mo,monroe_county,9
mo,montgomery_county,6
mo,morgan_county,8
mo,new_madrid_county,7
mo,newton_county,3
mo,nodaway_county,6
mo,oregon_county,9
mo,osage_county,3
mo,ozark_county,9
mo,pemiscot_county,7
mo,perry_county,6
mo,pettis_county,4
mo,phelps_county,5
mo,pike_county,6
mo,platte_county,1
mo,polk_county,2
mo,pulaski_county,5
mo,putnam_county,9
mo,ralls_county,9
mo,randolph_county,6
mo,ray_county,1
mo,reynolds_county,9
mo,ripley_county,9
mo,st_charles_county,1
mo,st_clair_county,8
mo,ste_genevieve_county,6
mo,st_francois_county,4
mo,st_louis_county,1
mo,saline_county,6
mo,schuyler_county,9
mo,scotland_county,9
mo,scott_county,4
mo,shannon_county,9
mo,shelby_county,9
mo,stoddard_county,6
mo,stone_county,6
mo,sullivan_county,9
mo,taney_county,4
mo,texas_county,9
mo,vernon_county,7
mo,warren_county,1
mo,washington_county,6
mo,wayne_county,9
mo,webster_county,2
mo,worth_county,9
mo,wright_county,6
mo,st_louis_city,1
mt,beaverhead_county,7
mt,big_horn_county,6
mt,blaine_county,9
mt,broadwater_county,9
mt,carbon_county,3
mt,carter_county,9
mt,cascade_county,3
mt,chouteau_county,8
mt,custer_county,7
mt,daniels_county,9
mt,dawson_county,7
mt,deer_lodge_county,7
mt,fallon_county,9
mt,fergus_county,7
mt,flathead_county,5
mt,gallatin_county,5
mt,garfield_county,9
mt,glacier_county,7
mt,golden_valley_county,3
mt,granite_county,8
mt,hill_county,7
mt,jefferson_county,9
mt,judith_basin_county,8
mt,lake_county,6
mt,lewis_and_clark_county,5
mt,liberty_county,9
mt,lincoln_county,7
mt,mccone_county,9
mt,madison_county,9
mt,meagher_county,9
mt,mineral_county,8
mt,missoula_county,3
mt,musselshell_county,8
mt,park_county,7
mt,petroleum_county,9
mt,phillips_county,9
mt,pondera_county,7
mt,powder_river_county,9
mt,powell_county,6
mt,prairie_county,9
mt,ravalli_county,6
mt,richland_county,7
mt,roosevelt_county,7
mt,rosebud_county,9
mt,sanders_county,8
mt,sheridan_county,9
mt,silver_bow_county,5
mt,stillwater_county,8
mt,sweet_grass_county,9
mt,teton_county,8
mt,toole_county,7
mt,treasure_county,8
mt,valley_county,7
mt,wheatland_county,9
mt,wibaux_county,9
mt,yellowstone_county,3
ne,adams_county,4
ne,antelope_county,9
ne,arthur_county,9
ne,banner_county,9
ne,blaine_county,9
ne,boone_county,9
ne,box_butte_county,7
ne,boyd_county,9
ne,brown_county,9
ne,buffalo_county,4
ne,burt_county,8
ne,butler_county,6
ne,cass_county,2
ne,cedar_county,9
ne,chase_county,9
ne,cherry_county,7
ne,cheyenne_county,7
ne,clay_county,8
ne,colfax_county,7
ne,cuming_county,7
ne,custer_county,7
ne,dakota_county,3
ne,dawes_county,7
ne,dawson_county,7
ne,deuel_county,9
ne,dixon_county,3
ne,dodge_county,4
ne,douglas_county,2
ne,dundy_county,9
ne,fillmore_county,8
ne,franklin_county,9
ne,frontier_county,9
ne,furnas_county,9
ne,gage_county,6
ne,garden_county,9
ne,garfield_county,9
ne,gosper_county,9
ne,grant_county,9
ne,greeley_county,8
ne,hall_county,3
ne,hamilton_county,3
ne,harlan_county,9
ne,hayes_county,9
ne,hitchcock_county,9
ne,holt_county,7
ne,hooker_county,9
ne,howard_county,3
ne,jefferson_county,7
ne,johnson_county,8
ne,kearney_county,7
ne,keith_county,7
ne,keya_paha_county,9
ne,kimball_county,8
ne,knox_county,9
ne,lancaster_county,2
ne,lincoln_county,5
ne,logan_county,9
ne,loup_county,9
ne,mcpherson_county,9
ne,madison_county,5
ne,merrick_county,3
ne,morrill_county,9
ne,nance_county,8
ne,nemaha_county,7
ne,nuckolls_county,9
ne,otoe_county,6
ne,pawnee_county,9
ne,perkins_county,9
ne,phelps_county,7
ne,pierce_county,9
ne,platte_county,5
ne,polk_county,9
ne,red_willow_county,7
ne,richardson_county,7
ne,rock_county,9
ne,saline_county,6
ne,sarpy_county,2
ne,saunders_county,2
ne,scotts_bluff_county,5
ne,seward_county,2
ne,sheridan_county,9
ne,sherman_county,8
ne,sioux_county,9
ne,stanton_county,9
ne,thayer_county,9
ne,thomas_county,9
ne,thurston_county,8
ne,valley_county,9
ne,washington_county,2
ne,wayne_county,6
ne,webster_county,9
ne,wheeler_county,9
ne,york_county,6
nv,churchill_county,6
nv,clark_county,1
nv,douglas_county,4
nv,elko_county,5
nv,esmeralda_county,9
nv,eureka_county,9
nv,humboldt_county,7
nv,lander_county,7
nv,lincoln_county,8
nv,lyon_county,4
nv,mineral_county,7
nv,nye_county,4
nv,pershing_county,9
nv,storey_county,2
nv,washoe_county,2
nv,white_pine_county,7
nv,carson_city,3
nh,belknap_county,4
nh,carroll_county,6
nh,cheshire_county,4
nh,coos_county,7
nh,grafton_county,5
nh,hillsborough_county,2
nh,merrimack_county,4
nh,rockingham_county,1
nh,strafford_county,1
nh,sullivan_county,7
nj,atlantic_county,2
nj,bergen_county,1
nj,burlington_county,1
nj,camden_county,1
nj,cape_may_county,3
nj,cumberland_county,3
nj,essex_county,1
nj,gloucester_county,1
nj,hudson_county,1
nj,hunterdon_county,1
nj,mercer_county,2
nj,middlesex_county,1
nj,monmouth_county,1
nj,morris_county,1
nj,ocean_county,1
nj,passaic_county,1
nj,salem_county,1
nj,somerset_county,1
nj,sussex_county,1
nj,union_county,1
nj,warren_county,2
nm,bernalillo_county,2
nm,catron_county,9
nm,chaves_county,5
nm,cibola_county,6
nm,colfax_county,7
nm,curry_county,5
nm,de_baca_county,9
nm,dona_ana_county,3
nm,eddy_county,5
nm,grant_county,7
nm,guadalupe_county,7
nm,harding_county,9
nm,hidalgo_county,9
nm,lea_county,5
nm,lincoln_county,7
nm,los_alamos_county,6
nm,luna_county,6
nm,mckinley_county,5
nm,mora_county,9
nm,otero_county,4
nm,quay_county,7
nm,rio_arriba_county,4
nm,roosevelt_county,7
nm,sandoval_county,2
nm,san_juan_county,3
nm,san_miguel_county,6
nm,santa_fe_county,3
nm,sierra_county,6
nm,socorro_county,6
nm,taos_county,7
nm,torrance_county,2
nm,union_county,9
nm,valencia_county,2
ny,albany_county,2
ny,allegany_county,7
ny,bronx_county,1
ny,broome_county,2
ny,cattaraugus_county,4
ny,cayuga_county,4
ny,chautauqua_county,4
ny,chemung_county,3
ny,chenango_county,6
ny,clinton_county,5
ny,columbia_county,6
ny,cortland_county,4
ny,delaware_county,6
ny,dutchess_county,1
ny,erie_county,1
ny,essex_county,6
ny,franklin_county,7
ny,fulton_county,4
ny,genesee_county,4
ny,greene_county,6
ny,hamilton_county,8
ny,herkimer_county,2
ny,jefferson_county,3
ny,kings_county,1
ny,lewis_county,6
ny,livingston_county,1
ny,madison_county,2
ny,monroe_county,1
ny,montgomery_county,4
ny,nassau_county,1
ny,new_york_county,1
ny,niagara_county,1
ny,oneida_county,2
ny,onondaga_county,2
ny,ontario_county,1
ny,orange_county,1
ny,orleans_county,1
ny,oswego_county,2
ny,otsego_county,7
ny,putnam_county,1
ny,queens_county,1
ny,rensselaer_county,2
ny,richmond_county,1
ny,rockland_county,1
ny,st_lawrence_county,4
ny,saratoga_county,2
ny,schenectady_county,2
ny,schoharie_county,2
ny,schuyler_county,6
ny,seneca_county,6
ny,steuben_county,4
ny,suffolk_county,1
ny,sullivan_county,4
ny,tioga_county,2
ny,tompkins_county,3
ny,ulster_county,3
ny,warren_county,3
ny,washington_county,3
ny,wayne_county,1
ny,westchester_county,1
ny,wyoming_county,6
ny,yates_county,1
nc,alamance_county,3
nc,alexander_county,2
nc,alleghany_county,9
nc,anson_county,6
nc,ashe_county,7
nc,avery_county,8
nc,beaufort_county,6
nc,bertie_county,7
nc,bladen_county,6
nc,brunswick_county,2
nc,buncombe_county,2
nc,burke_county,2
nc,cabarrus_county,1
nc,caldwell_county,2
nc,camden_county,8
nc,carteret_county,4
nc,caswell_county,8
nc,catawba_county,2
nc,chatham_county,2
nc,cherokee_county,9
nc,chowan_county,6
nc,clay_county,9
nc,cleveland_county,4
nc,columbus_county,6
nc,craven_county,3
nc,cumberland_county,2
nc,currituck_county,1
nc,dare_county,4
nc,davidson_county,2
nc,davie_county,2
nc,duplin_county,6
nc,durham_county,2
nc,edgecombe_county,3
nc,forsyth_county,2
nc,franklin_county,1
nc,gaston_county,1
nc,gates_county,1
nc,graham_county,9
nc,granville_county,4
nc,greene_county,8
nc,guilford_county,2
nc,halifax_county,4
nc,harnett_county,4
nc,haywood_county,2
nc,henderson_county,2
nc,hertford_county,6
nc,hoke_county,2
nc,hyde_county,9
nc,iredell_county,1
nc,jackson_county,6
nc,johnston_county,1
nc,jones_county,3
nc,lee_county,4
nc,lenoir_county,4
nc,lincoln_county,1
nc,mcdowell_county,6
nc,macon_county,7
nc,madison_county,2
nc,martin_county,6
nc,mecklenburg_county,1
nc,mitchell_county,7
nc,montgomery_county,6
nc,moore_county,4
nc,nash_county,3
nc,new_hanover_county,2
nc,northampton_county,9
nc,onslow_county,3
nc,orange_county,2
nc,pamlico_county,3
nc,pasquotank_county,4
nc,pender_county,2
nc,perquimans_county,8
nc,person_county,2
nc,pitt_county,3
nc,polk_county,8
nc,randolph_county,2
nc,richmond_county,5
nc,robeson_county,4
nc,rockingham_county,2
nc,rowan_county,1
nc,rutherford_county,4
nc,sampson_county,6
nc,scotland_county,6
nc,stanly_county,6
nc,stokes_county,2
nc,surry_county,4
nc,swain_county,8
nc,transylvania_county,6
nc,tyrrell_county,9
nc,union_county,1
nc,vance_county,4
nc,wake_county,1
nc,warren_county,8
nc,washington_county,7
nc,watauga_county,5
nc,wayne_county,3
nc,wilkes_county,6
nc,wilson_county,4
nc,yadkin_county,2
nc,yancey_county,8
nd,adams_county,9
nd,barnes_county,6
nd,benson_county,9
nd,billings_county,9
nd,bottineau_county,9
nd,bowman_county,9
nd,burke_county,9
nd,burleigh_county,3
nd,cass_county,3
nd,cavalier_county,9
nd,dickey_county,9
nd,divide_county,9
nd,dunn_county,9
nd,eddy_county,9
nd,emmons_county,8
nd,foster_county,9
nd,golden_valley_county,9
nd,grand_forks_county,3
nd,grant_county,8
nd,griggs_county,9
nd,hettinger_county,9
nd,kidder_county,8
nd,lamoure_county,9
nd,logan_county,9
nd,mchenry_county,9
nd,mcintosh_county,9
nd,mckenzie_county,9
nd,mclean_county,8
nd,mercer_county,7
nd,morton_county,3
nd,mountrail_county,9
nd,nelson_county,8
nd,oliver_county,3
nd,pembina_county,9
nd,pierce_county,7
nd,ramsey_county,7
nd,ransom_county,8
nd,renville_county,9
nd,richland_county,6
nd,rolette_county,9
nd,sargent_county,9
nd,sheridan_county,9
nd,sioux_county,3
nd,slope_county,9
nd,stark_county,7
nd,steele_county,8
nd,stutsman_county,7
nd,towner_county,9
nd,traill_county,8
nd,walsh_county,6
nd,ward_county,5
nd,wells_county,9
nd,williams_county,7
oh,adams_county,6
oh,allen_county,3
oh,ashland_county,4
oh,ashtabula_county,4
oh,athens_county,4
oh,auglaize_county,4
oh,belmont_county,3
oh,brown_county,1
oh,butler_county,1
oh,carroll_county,2
oh,champaign_county,6
oh,clark_county,3
oh,clermont_county,1
oh,clinton_county,6
oh,columbiana_county,4
oh,coshocton_county,6
oh,crawford_county,4
oh,cuyahoga_county,1
oh,darke_county,6
oh,defiance_county,4
oh,delaware_county,1
oh,erie_county,4
oh,fairfield_county,1
oh,fayette_county,6
oh,franklin_county,1
oh,fulton_county,2
oh,gallia_county,6
oh,geauga_county,1
oh,greene_county,2
oh,guernsey_county,6
oh,hamilton_county,1
oh,hancock_county,4
oh,hardin_county,6
oh,harrison_county,6
oh,henry_county,6
oh,highland_county,6
oh,hocking_county,1
oh,holmes_county,7
oh,huron_county,4
oh,jackson_county,7
oh,jefferson_county,3
oh,knox_county,4
oh,lake_county,1
oh,lawrence_county,2
oh,licking_county,1
oh,logan_county,6
oh,lorain_county,1
oh,lucas_county,2
oh,madison_county,1
oh,mahoning_county,2
oh,marion_county,4
oh,medina_county,1
oh,meigs_county,6
oh,mercer_county,7
oh,miami_county,2
oh,monroe_county,8
oh,montgomery_county,2
oh,morgan_county,6
oh,morrow_county,1
oh,muskingum_county,4
oh,noble_county,7
oh,ottawa_county,4
oh,paulding_county,6
oh,perry_county,1
oh,pickaway_county,1
oh,pike_county,7
oh,portage_county,2
oh,preble_county,6
oh,putnam_county,6
oh,richland_county,3
oh,ross_county,4
oh,sandusky_county,4
oh,scioto_county,4
oh,seneca_county,4
oh,shelby_county,4
oh,stark_county,2
oh,summit_county,2
oh,trumbull_county,2
oh,tuscarawas_county,4
oh,union_county,1
oh,van_wert_county,6
oh,vinton_county,8
oh,warren_county,1
oh,washington_county,4
oh,wayne_county,4
oh,williams_county,6
oh,wood_county,2
oh,wyandot_county,7
ok,adair_county,6
ok,alfalfa_county,9
ok,atoka_county,9
ok,beaver_county,9
ok,beckham_county,7
ok,blaine_county,6
ok,bryan_county,6
ok,caddo_county,6
ok,canadian_county,1
ok,carter_county,5
ok,cherokee_county,6
ok,choctaw_county,7
ok,cimarron_county,9
ok,cleveland_county,1
ok,coal_county,9
ok,comanche_county,3
ok,cotton_county,3
ok,craig_county,6
ok,creek_county,2
ok,custer_county,7
ok,delaware_county,6
ok,dewey_county,9
ok,ellis_county,9
ok,garfield_county,5
ok,garvin_county,6
ok,grady_county,1
ok,grant_county,9
ok,greer_county,7
ok,harmon_county,9
ok,harper_county,9
ok,haskell_county,6
ok,hughes_county,7
ok,jackson_county,7
ok,jefferson_county,8
ok,johnston_county,9
ok,kay_county,5
ok,kingfisher_county,6
ok,kiowa_county,6
ok,latimer_county,7
ok,le_flore_county,2
ok,lincoln_county,1
ok,logan_county,1
ok,love_county,9
ok,mcclain_county,1
ok,mccurtain_county,7
ok,mcintosh_county,6
ok,major_county,9
ok,marshall_county,6
ok,mayes_county,6
ok,murray_county,7
ok,muskogee_county,4
ok,noble_county,6
ok,nowata_county,6
ok,okfuskee_county,6
ok,oklahoma_county,1
ok,okmulgee_county,2
ok,osage_county,2
ok,ottawa_county,6
ok,pawnee_county,2
ok,payne_county,4
ok,pittsburg_county,5
ok,pontotoc_county,7
ok,pottawatomie_county,4
ok,pushmataha_county,9
ok,roger_mills_county,9
ok,rogers_county,2
ok,seminole_county,7
ok,sequoyah_county,2
ok,stephens_county,4
ok,texas_county,7
ok,tillman_county,6
ok,tulsa_county,2
ok,wagoner_county,2
ok,washington_county,4
ok,washita_county,7
ok,woods_county,7
ok,woodward_county,7
or,baker_county,7
or,benton_county,3
or,clackamas_county,1
or,clatsop_county,4
or,columbia_county,1
or,coos_county,5
or,crook_county,6
or,curry_county,7
or,deschutes_county,3
or,douglas_county,4
or,gilliam_county,9
or,grant_county,9
or,harney_county,7
or,hood_river_county,6
or,jackson_county,3
or,jefferson_county,6
or,josephine_county,3
or,klamath_county,5
or,lake_county,7
or,lane_county,2
or,lincoln_county,5
or,linn_county,3
or,malheur_county,6
or,marion_county,2
or,morrow_county,6
or,multnomah_county,1
or,polk_county,2
or,sherman_county,9
or,tillamook_county,6
or,umatilla_county,4
or,union_county,7
or,wallowa_county,9
or,wasco_county,6
or,washington_county,1
or,wheeler_county,9
or,yamhill_county,1
pa,adams_county,3
pa,allegheny_county,1
pa,armstrong_county,1
pa,beaver_county,1
pa,bedford_county,6
pa,berks_county,2
pa,blair_county,3
pa,bradford_county,6
pa,bucks_county,1
pa,butler_county,1
pa,cambria_county,3
pa,cameron_county,7
pa,carbon_county,2
pa,centre_county,3
pa,chester_county,1
pa,clarion_county,6
pa,clearfield_county,4
pa,clinton_county,4
pa,columbia_county,3
pa,crawford_county,4
pa,cumberland_county,2
pa,dauphin_county,2
pa,delaware_county,1
pa,elk_county,7
pa,erie_county,2
pa,fayette_county,1
pa,forest_county,9
pa,franklin_county,3
pa,fulton_county,8
pa,greene_county,6
pa,huntingdon_county,6
pa,indiana_county,4
pa,jefferson_county,7
pa,juniata_county,6
pa,lackawanna_county,2
pa,lancaster_county,2
pa,lawrence_county,4
pa,lebanon_county,3
pa,lehigh_county,2
pa,luzerne_county,2
pa,lycoming_county,3
pa,mckean_county,7
pa,mercer_county,2
pa,mifflin_county,4
pa,monroe_county,3
pa,montgomery_county,1
pa,montour_county,3
pa,northampton_county,2
pa,northumberland_county,4
pa,perry_county,2
pa,philadelphia_county,1
pa,pike_county,1
pa,potter_county,9
pa,schuylkill_county,4
pa,snyder_county,7
pa,somerset_county,4
pa,sullivan_county,8
pa,susquehanna_county,6
pa,tioga_county,6
pa,union_county,4
pa,venango_county,4
pa,warren_county,6
pa,washington_county,1
pa,wayne_county,6
pa,westmoreland_county,1
pa,wyoming_county,2
pa,york_county,2
ri,bristol_county,1
ri,kent_county,1
ri,newport_county,1
ri,providence_county,1
ri,washington_county,1
sc,abbeville_county,6
sc,aiken_county,2
sc,allendale_county,6
sc,anderson_county,2
sc,bamberg_county,7
sc,barnwell_county,6
sc,beaufort_county,3
sc,berkeley_county,2
sc,calhoun_county,2
sc,charleston_county,2
sc,cherokee_county,4
sc,chester_county,1
sc,chesterfield_county,6
sc,clarendon_county,6
sc,colleton_county,6
sc,darlington_county,3
sc,dillon_county,6
sc,dorchester_county,2
sc,edgefield_county,2
sc,fairfield_county,2
sc,florence_county,3
sc,georgetown_county,4
sc,greenville_county,2
sc,greenwood_county,4
sc,hampton_county,6
sc,horry_county,2
sc,jasper_county,3
sc,kershaw_county,2
sc,lancaster_county,1
sc,laurens_county,2
sc,lee_county,6
sc,lexington_county,2
sc,mccormick_county,8
sc,marion_county,6
sc,marlboro_county,6
sc,newberry_county,6
sc,oconee_county,4
sc,orangeburg_county,4
sc,pickens_county,2
sc,richland_county,2
sc,saluda_county,2
sc,spartanburg_county,2
sc,sumter_county,3
sc,union_county,2
sc,williamsburg_county,6
sc,york_county,1
sd,aurora_county,9
sd,beadle_county,7
sd,bennett_county,9
sd,bon_homme_county,9
sd,brookings_county,5
sd,brown_county,5
sd,brule_county,9
sd,buffalo_county,9
sd,butte_county,6
sd,campbell_county,9
sd,charles_mix_county,9
sd,clark_county,9
sd,clay_county,6
sd,codington_county,5
sd,corson_county,9
sd,custer_county,3
sd,davison_county,7
sd,day_county,9
sd,deuel_county,9
sd,dewey_county,9
sd,douglas_county,9
sd,edmunds_county,9
sd,fall_river_county,6
sd,faulk_county,9
sd,grant_county,7
sd,gregory_county,9
sd,haakon_county,8
sd,hamlin_county,9
sd,hand_county,9
sd,hanson_county,8
sd,harding_county,9
sd,hughes_county,7
sd,hutchinson_county,8
sd,hyde_county,9
sd,jackson_county,8
sd,jerauld_county,9
sd,jones_county,9
sd,kingsbury_county,9
sd,lake_county,6
sd,lawrence_county,6
sd,lincoln_county,3
sd,lyman_county,9
sd,mccook_county,3
sd,mcpherson_county,9
sd,marshall_county,9
sd,meade_county,3
sd,mellette_county,9
sd,miner_county,8
sd,minnehaha_county,3
sd,moody_county,8
sd,pennington_county,3
sd,perkins_county,8
sd,potter_county,9
sd,roberts_county,9
sd,sanborn_county,9
sd,shannon_county,6
sd,spink_county,9
sd,stanley_county,9
sd,sully_county,9
sd,todd_county,9
sd,tripp_county,7
sd,turner_county,3
sd,union_county,3
sd,walworth_county,7
sd,yankton_county,7
sd,ziebach_county,8
tn,anderson_county,2
tn,bedford_county,4
tn,benton_county,7
tn,bledsoe_county,8
tn,blount_county,2
tn,bradley_county,3
tn,campbell_county,2
tn,cannon_county,1
tn,carroll_county,6
tn,carter_county,3
tn,cheatham_county,1
tn,chester_county,3
tn,claiborne_county,6
tn,clay_county,9
tn,cocke_county,6
tn,coffee_county,4
tn,crockett_county,3
tn,cumberland_county,4
tn,davidson_county,1
tn,decatur_county,9
tn,dekalb_county,6
tn,dickson_county,1
tn,dyer_county,5
tn,fayette_county,1
tn,fentress_county,9
tn,franklin_county,6
tn,gibson_county,4
tn,giles_county,6
tn,grainger_county,2
tn,greene_county,4
tn,grundy_county,8
tn,hamblen_county,3
tn,hamilton_county,2
tn,hancock_county,8
tn,hardeman_county,6
tn,hardin_county,6
tn,hawkins_county,2
tn,haywood_county,6
tn,henderson_county,6
tn,henry_county,7
tn,hickman_county,1
tn,houston_county,8
tn,humphreys_county,6
tn,jackson_county,8
tn,jefferson_county,3
tn,johnson_county,6
tn,knox_county,2
tn,lake_county,9
tn,lauderdale_county,6
tn,lawrence_county,6
tn,lewis_county,6
tn,lincoln_county,6
tn,loudon_county,2
tn,mcminn_county,4
tn,mcnairy_county,6
tn,macon_county,1
tn,madison_county,3
tn,marion_county,2
tn,marshall_county,6
tn,maury_county,1
tn,meigs_county,8
tn,monroe_county,6
tn,montgomery_county,2
tn,moore_county,9
tn,morgan_county,2
tn,obion_county,7
tn,overton_county,7
tn,perry_county,8
tn,pickett_county,9
tn,polk_county,3
tn,putnam_county,4
tn,rhea_county,6
tn,roane_county,2
tn,robertson_county,1
tn,rutherford_county,1
tn,scott_county,6
tn,sequatchie_county,2
tn,sevier_county,4
tn,shelby_county,1
tn,smith_county,1
tn,stewart_county,8
tn,sullivan_county,2
tn,sumner_county,1
tn,tipton_county,1
tn,trousdale_county,1
tn,unicoi_county,3
tn,union_county,2
tn,van_buren_county,9
tn,warren_county,6
tn,washington_county,3
tn,wayne_county,8
tn,weakley_county,7
tn,white_county,7
tn,williamson_county,1
tn,wilson_county,1
tx,anderson_county,7
tx,andrews_county,6
tx,angelina_county,5
tx,aransas_county,2
tx,archer_county,3
tx,armstrong_county,2
tx,atascosa_county,1
tx,austin_county,1
tx,bailey_county,7
tx,bandera_county,1
tx,bastrop_county,1
tx,baylor_county,8
tx,bee_county,6
tx,bell_county,2
tx,bexar_county,1
tx,blanco_county,8
tx,borden_county,8
tx,bosque_county,6
tx,bowie_county,3
tx,brazoria_county,1
tx,brazos_county,3
tx,brewster_county,7
tx,briscoe_county,9
tx,brooks_county,7
tx,brown_county,5
tx,burleson_county,3
tx,burnet_county,6
tx,caldwell_county,1
tx,calhoun_county,6
tx,callahan_county,3
tx,cameron_county,2
tx,camp_county,6
tx,carson_county,2
tx,cass_county,6
tx,castro_county,6
tx,chambers_county,1
tx,cherokee_county,6
tx,childress_county,7
tx,clay_county,3
tx,cochran_county,9
tx,coke_county,8
tx,coleman_county,6
tx,collin_county,1
tx,collingsworth_county,9
tx,colorado_county,6
tx,comal_county,1
tx,comanche_county,7
tx,concho_county,8
tx,cooke_county,6
tx,coryell_county,2
tx,cottle_county,9
tx,crane_county,6
tx,crockett_county,7
tx,crosby_county,2
tx,culberson_county,9
tx,dallam_county,7
tx,dallas_county,1
tx,dawson_county,7
tx,deaf_smith_county,6
tx,delta_county,8
tx,denton_county,1
tx,dewitt_county,6
tx,dickens_county,8
tx,dimmit_county,6
tx,donley_county,8
tx,duval_county,7
tx,eastland_county,6
tx,ector_county,3
tx,edwards_county,9
tx,ellis_county,1
tx,el_paso_county,2
tx,erath_county,4
tx,falls_county,2
tx,fannin_county,6
tx,fayette_county,6
tx,fisher_county,8
tx,floyd_county,6
tx,foard_county,9
tx,fort_bend_county,1
tx,franklin_county,7
tx,freestone_county,7
tx,frio_county,6
tx,gaines_county,7
tx,galveston_county,1
tx,garza_county,6
tx,gillespie_county,7
tx,glasscock_county,8
tx,goliad_county,3
tx,gonzales_county,6
tx,gray_county,6
tx,grayson_county,3
tx,gregg_county,3
tx,grimes_county,6
tx,guadalupe_county,1
tx,hale_county,4
tx,hall_county,9
tx,hamilton_county,6
tx,hansford_county,7
tx,hardeman_county,9
tx,hardin_county,2
tx,harris_county,1
tx,harrison_county,4
tx,hartley_county,7
tx,haskell_county,6
tx,hays_county,1
tx,hemphill_county,7
tx,henderson_county,4
tx,hidalgo_county,2
tx,hill_county,6
tx,hockley_county,6
tx,hood_county,1
tx,hopkins_county,6
tx,houston_county,7
tx,howard_county,4
tx,hudspeth_county,2
tx,hunt_county,1
tx,hutchinson_county,6
tx,irion_county,3
tx,jack_county,6
tx,jackson_county,6
tx,jasper_county,6
tx,jeff_davis_county,9
tx,jefferson_county,2
tx,jim_hogg_county,6
tx,jim_wells_county,4
tx,johnson_county,1
tx,jones_county,3
tx,karnes_county,6
tx,kaufman_county,1
tx,kendall_county,1
tx,kenedy_county,9
tx,kent_county,9
tx,kerr_county,4
tx,kimble_county,7
tx,king_county,9
tx,kinney_county,7
tx,kleberg_county,4
tx,knox_county,9
tx,lamar_county,5
tx,lamb_county,6
tx,lampasas_county,2
tx,la_salle_county,6
tx,lavaca_county,6
tx,lee_county,6
tx,leon_county,8
tx,liberty_county,1
tx,limestone_county,6
tx,lipscomb_county,9
tx,live_oak_county,8
tx,llano_county,7
tx,loving_county,9
tx,lubbock_county,2
tx,lynn_county,2
tx,mcculloch_county,7
tx,mclennan_county,2
tx,mcmullen_county,9
tx,madison_county,6
tx,marion_county,8
tx,martin_county,3
tx,mason_county,9
tx,matagorda_county,4
tx,maverick_county,5
tx,medina_county,1
tx,menard_county,9
tx,midland_county,3
tx,milam_county,6
tx,mills_county,9
tx,mitchell_county,7
tx,montague_county,6
tx,montgomery_county,1
tx,moore_county,7
tx,morris_county,6
tx,motley_county,9
tx,nacogdoches_county,5
tx,navarro_county,4
tx,newton_county,2
tx,nolan_county,6
tx,nueces_county,2
tx,ochiltree_county,7
tx,oldham_county,2
tx,orange_county,2
tx,palo_pinto_county,6
tx,panola_county,6
tx,parker_county,1
tx,parmer_county,7
tx,pecos_county,7
tx,polk_county,6
tx,potter_county,2
tx,presidio_county,7
tx,rains_county,8
tx,randall_county,2
tx,reagan_county,6
tx,real_county,9
tx,red_river_county,6
tx,reeves_county,7
tx,refugio_county,6
tx,roberts_county,9
tx,robertson_county,3
tx,rockwall_county,1
tx,runnels_county,6
tx,rusk_county,3
tx,sabine_county,8
tx,san_augustine_county,9
tx,san_jacinto_county,8
tx,san_patricio_county,2
tx,san_saba_county,7
tx,schleicher_county,8
tx,scurry_county,7
tx,shackelford_county,8
tx,shelby_county,7
tx,sherman_county,9
tx,smith_county,3
tx,somervell_county,1
tx,starr_county,4
tx,stephens_county,7
tx,sterling_county,8
tx,stonewall_county,9
tx,sutton_county,7
tx,swisher_county,6
tx,tarrant_county,1
tx,taylor_county,3
tx,terrell_county,9
tx,terry_county,6
tx,throckmorton_county,9
tx,titus_county,7
tx,tom_green_county,3
tx,travis_county,1
tx,trinity_county,7
tx,tyler_county,6
tx,upshur_county,3
tx,upton_county,8
tx,uvalde_county,6
tx,val_verde_county,5
tx,van_zandt_county,6
tx,victoria_county,3
tx,walker_county,4
tx,waller_county,1
tx,ward_county,6
tx,washington_county,6
tx,webb_county,2
tx,wharton_county,4
tx,wheeler_county,9
tx,wichita_county,3
tx,wilbarger_county,6
tx,willacy_county,6
tx,williamson_county,1
tx,wilson_county,1
tx,winkler_county,6
tx,wise_county,1
tx,wood_county,6
tx,yoakum_county,7
tx,young_county,7
tx,zapata_county,6
tx,zavala_county,7
ut,beaver_county,7
ut,box_elder_county,2
ut,cache_county,3
ut,carbon_county,7
ut,daggett_county,9
ut,davis_county,2
ut,duchesne_county,7
ut,emery_county,7
ut,garfield_county,9
ut,grand_county,7
ut,iron_county,4
ut,juab_county,2
ut,kane_county,6
ut,millard_county,7
ut,morgan_county,2
ut,piute_county,9
ut,rich_county,8
ut,salt_lake_county,1
ut,san_juan_county,7
ut,sanpete_county,6
ut,sevier_county,7
ut,summit_county,4
ut,tooele_county,1
ut,uintah_county,7
ut,utah_county,2
ut,wasatch_county,6
ut,washington_county,3
ut,wayne_county,9
ut,weber_county,2
vt,addison_county,6
vt,bennington_county,6
vt,caledonia_county,7
vt,chittenden_county,3
vt,essex_county,9
vt,franklin_county,3
vt,grand_isle_county,3
vt,lamoille_county,8
vt,orange_county,9
vt,orleans_county,7
vt,rutland_county,4
vt,washington_county,4
vt,windham_county,7
vt,windsor_county,7
va,accomack_county,8
va,albemarle_county,3
va,alleghany_county,6
va,amelia_county,1
va,amherst_county,2
va,appomattox_county,2
va,arlington_county,1
va,augusta_county,3
va,bath_county,8
va,bedford_county,2
va,bland_county,8
va,botetourt_county,2
va,brunswick_county,6
va,buchanan_county,9
va,buckingham_county,3
va,campbell_county,2
va,caroline_county,1
va,carroll_county,7
va,charles_city_county,1
va,charlotte_county,8
va,chesterfield_county,1
va,clarke_county,1
va,craig_county,2
va,culpeper_county,1
va,cumberland_county,8
va,dickenson_county,9
va,dinwiddie_county,1
va,essex_county,6
va,fairfax_county,1
va,fauquier_county,1
va,floyd_county,3
va,fluvanna_county,3
va,franklin_county,2
va,frederick_county,3
va,giles_county,3
va,gloucester_county,1
va,goochland_county,1
va,grayson_county,9
va,greene_county,3
va,greensville_county,6
va,halifax_county,6
va,hanover_county,1
va,henrico_county,1
va,henry_county,4
va,highland_county,8
va,isle_of_wight_county,1
va,james_city_county,1
va,king_and_queen_county,8
va,king_george_county,6
va,king_william_county,1
va,lancaster_county,9
va,lee_county,8
va,loudoun_county,1
va,louisa_county,8
va,lunenburg_county,9
va,madison_county,8
va,mathews_county,1
va,mecklenburg_county,7
va,middlesex_county,8
va,montgomery_county,3
va,nelson_county,3
va,new_kent_county,1
va,northampton_county,8
va,northumberland_county,9
va,nottoway_county,6
va,orange_county,6
va,page_county,6
va,patrick_county,8
va,pittsylvania_county,4
va,powhatan_county,1
va,prince_edward_county,6
va,prince_george_county,1
va,prince_william_county,1
va,pulaski_county,3
va,rappahannock_county,1
va,richmond_county,9
va,roanoke_county,2
va,rockbridge_county,6
va,rockingham_county,3
va,russell_county,7
va,scott_county,2
va,shenandoah_county,6
va,smyth_county,7
va,southampton_county,6
va,spotsylvania_county,1
va,stafford_county,1
va,surry_county,8
va,sussex_county,1
va,tazewell_county,5
va,warren_county,1
va,washington_county,2
va,westmoreland_county,6
va,wise_county,7
va,wythe_county,6
va,york_county,1
va,alexandria_city,1
va,bedford_city,2
va,bristol_city,2
va,buena_vista_city,6
va,charlottesville_city,3
va,chesapeake_city,1
va,colonial_heights_city,1
va,covington_city,6
va,danville_city,4
va,emporia_city,6
va,fairfax_city,1
va,falls_church_city,1
va,franklin_city,6
va,fredericksburg_city,1
va,galax_city,7
va,hampton_city,1
va,harrisonburg_city,3
va,hopewell_city,1
va,lexington_city,6
va,lynchburg_city,2
va,manassas_city,1
va,manassas_park_city,1
va,martinsville_city,4
va,newport_news_city,1
va,norfolk_city,1
va,norton_city,7
va,petersburg_city,1
va,poquoson_city,1
va,portsmouth_city,1
va,radford_city,3
va,richmond_city,1
va,roanoke_city,2
va,salem_city,2
va,staunton_city,3
va,suffolk_city,1
va,virginia_beach_city,1
va,waynesboro_city,3
va,williamsburg_city,1
va,winchester_city,3
wa,adams_county,6
wa,asotin_county,3
wa,benton_county,2
wa,chelan_county,3
wa,clallam_county,5
wa,clark_county,1
wa,columbia_county,3
wa,cowlitz_county,3
wa,douglas_county,3
wa,ferry_county,9
wa,franklin_county,2
wa,garfield_county,8
wa,grant_county,5
wa,grays_harbor_county,4
wa,island_county,4
wa,jefferson_county,6
wa,king_county,1
wa,kitsap_county,2
wa,kittitas_county,4
wa,klickitat_county,6
wa,lewis_county,4
wa,lincoln_county,8
wa,mason_county,4
wa,okanogan_county,6
wa,pacific_county,7
wa,pend_oreille_county,2
wa,pierce_county,1
wa,san_juan_county,9
wa,skagit_county,3
wa,skamania_county,1
wa,snohomish_county,1
wa,spokane_county,2
wa,stevens_county,2
wa,thurston_county,2
wa,wahkiakum_county,8
wa,walla_walla_county,3
wa,whatcom_county,3
wa,whitman_county,4
wa,yakima_county,3
wv,barbour_county,6
wv,berkeley_county,2
wv,boone_county,3
wv,braxton_county,8
wv,brooke_county,3
wv,cabell_county,2
wv,calhoun_county,8
wv,clay_county,3
wv,doddridge_county,9
wv,fayette_county,3
wv,gilmer_county,7
wv,grant_county,7
wv,greenbrier_county,6
wv,hampshire_county,3
wv,hancock_county,3
wv,hardy_county,6
wv,harrison_county,5
wv,jackson_county,6
wv,jefferson_county,1
wv,kanawha_county,3
wv,lewis_county,7
wv,lincoln_county,2
wv,logan_county,6
wv,mcdowell_county,7
wv,marion_county,4
wv,marshall_county,3
wv,mason_county,6
wv,mercer_county,4
wv,mineral_county,3
wv,mingo_county,7
wv,monongalia_county,3
wv,monroe_county,8
wv,morgan_county,8
wv,nicholas_county,6
wv,ohio_county,3
wv,pendleton_county,8
wv,pleasants_county,6
wv,pocahontas_county,9
wv,preston_county,3
wv,putnam_county,2
wv,raleigh_county,3
wv,randolph_county,7
wv,ritchie_county,8
wv,roane_county,6
wv,summers_county,6
wv,taylor_county,6
wv,tucker_county,8
wv,tyler_county,9
wv,upshur_county,7
wv,wayne_county,2
wv,webster_county,9
wv,wetzel_county,6
wv,wirt_county,3
wv,wood_county,3
wv,wyoming_county,6
wi,adams_county,8
wi,ashland_county,7
wi,barron_county,6
wi,bayfield_county,8
wi,brown_county,2
wi,buffalo_county,8
wi,burnett_county,8
wi,calumet_county,3
wi,chippewa_county,3
wi,clark_county,6
wi,columbia_county,2
wi,crawford_county,7
wi,dane_county,2
wi,dodge_county,4
wi,door_county,6
wi,douglas_county,2
wi,dunn_county,6
wi,eau_claire_county,3
wi,florence_county,9
wi,fond_du_lac_county,3
wi,forest_county,9
wi,grant_county,6
wi,green_county,2
wi,green_lake_county,6
wi,iowa_county,2
wi,iron_county,9
wi,jackson_county,6
wi,jefferson_county,4
wi,juneau_county,7
wi,kenosha_county,1
wi,kewaunee_county,2
wi,la_crosse_county,3
wi,lafayette_county,8
wi,langlade_county,6
wi,lincoln_county,6
wi,manitowoc_county,4
wi,marathon_county,3
wi,marinette_county,6
wi,marquette_county,8
wi,menominee_county,8
wi,milwaukee_county,1
wi,monroe_county,6
wi,oconto_county,2
wi,oneida_county,7
wi,outagamie_county,3
wi,ozaukee_county,1
wi,pepin_county,8
wi,pierce_county,1
wi,polk_county,6
wi,portage_county,4
wi,price_county,9
wi,racine_county,3
wi,richland_county,6
wi,rock_county,3
wi,rusk_county,6
wi,st_croix_county,1
wi,sauk_county,4
wi,sawyer_county,7
wi,shawano_county,6
wi,sheboygan_county,3
wi,taylor_county,6
wi,trempealeau_county,6
wi,vernon_county,6
wi,vilas_county,9
wi,walworth_county,4
wi,washburn_county,7
wi,washington_county,1
wi,waukesha_county,1
wi,waupaca_county,6
wi,waushara_county,6
wi,winnebago_county,3
wi,wood_county,4
wy,albany_county,4
wy,big_horn_county,9
wy,campbell_county,5
wy,carbon_county,7
wy,converse_county,6
wy,crook_county,9
wy,fremont_county,7
wy,goshen_county,7
wy,hot_springs_county,7
wy,johnson_county,7
wy,laramie_county,3
wy,lincoln_county,7
wy,natrona_county,3
wy,niobrara_county,9
wy,park_county,7
wy,platte_county,7
wy,sheridan_county,7
wy,sublette_county,9
wy,sweetwater_county,5
wy,teton_county,7
wy,uinta_county,7
wy,washakie_county,7
wy,weston_county,7
pr,adjuntas_municipio,6
pr,aguada_municipio,2
pr,aguadilla_municipio,2
pr,aguas_buenas_municipio,1
pr,aibonito_municipio,1
pr,anasco_municipio,2
pr,arecibo_municipio,3
pr,arroyo_municipio,3
pr,barceloneta_municipio,1
pr,barranquitas_municipio,1
pr,bayamon_municipio,1
pr,cabo_rojo_municipio,3
pr,caguas_municipio,1
pr,camuy_municipio,3
pr,canovanas_municipio,1
pr,carolina_municipio,1
pr,catano_municipio,1
pr,cayey_municipio,1
pr,ceiba_municipio,1
pr,ciales_municipio,1
pr,cidra_municipio,1
pr,coamo_municipio,4
pr,comerio_municipio,1
pr,corozal_municipio,1
pr,culebra_municipio,9
pr,dorado_municipio,1
pr,fajardo_municipio,1
pr,florida_municipio,1
pr,guanica_municipio,2
pr,guayama_municipio,3
pr,guayanilla_municipio,2
pr,guaynabo_municipio,1
pr,gurabo_municipio,1
pr,hatillo_municipio,3
pr,hormigueros_municipio,3
pr,humacao_municipio,1
pr,isabela_municipio,2
pr,jayuya_municipio,6
pr,juana_diaz_municipio,2
pr,juncos_municipio,1
pr,lajas_municipio,3
pr,lares_municipio,2
pr,las_marias_municipio,6
pr,las_piedras_municipio,1
pr,loiza_municipio,1
pr,luquillo_municipio,1
pr,manati_municipio,1
pr,maricao_municipio,6
pr,maunabo_municipio,1
pr,mayaguez_municipio,3
pr,moca_municipio,2
pr,morovis_municipio,1
pr,naguabo_municipio,1
pr,naranjito_municipio,1
pr,orocovis_municipio,1
pr,patillas_municipio,3
pr,penuelas_municipio,2
pr,ponce_municipio,2
pr,quebradillas_municipio,3
pr,rincon_municipio,2
pr,rio_grande_municipio,1
pr,sabana_grande_municipio,3
pr,salinas_municipio,4
pr,san_german_municipio,3
pr,san_juan_municipio,1
pr,san_lorenzo_municipio,1
pr,san_sebastian_municipio,2
pr,santa_isabel_municipio,4
pr,toa_alta_municipio,1
pr,toa_baja_municipio,1
pr,trujillo_alto_municipio,1
pr,utuado_municipio,2
pr,vega_alta_municipio,1
pr,vega_baja_municipio,1
pr,vieques_municipio,7
pr,villalba_municipio,2
pr,yabucoa_municipio,1
pr,yauco_municipio,2
